{
    "resources": [ {"port_range": [9001, 9103], "host": "localhost"} ],
    "sessionData": {
	"updir": "/Home"
    },
    "configuration": {
	"log_dir": "/data/pvw/logs",
	"host": "localhost",
	"endpoint": "paraview",
	"sessionURL": "ws://206.12.97.61/proxy?sessionId=${id}&path=ws",
	"timeout": 25,
	"upload_dir": "/data/pvw/upload",
	"fields": ["file", "host", "port", "updir"],
	"port": 8080,
	"proxy_file": "/data/proxy.txt"
    },
    "properties": {
	"web_path": "/data/pv/pv-5.2.0/share",
	"dataDir": "/data/pvw/data",
	"python_exec": "/data/pv/pv-current/bin/pvpython"
    },
    "apps": {
	"visualizer": {
	    "cmd": [
		"${python_exec}",
		"-dr",
		"${web_path}/server/pvw-visualizer.py",
		"--port", "${port}",
		"--data", "${dataDir}",
		"-f",
		"--authKey", "${secret}"
	    ],
	    "ready_line" : "Starting factory"
	},
	"lightviz": {
	    "cmd": [
		"${python_exec}",
		"-dr",
		"${web_path}/server/pvw-light-viz.py",
		"--port", "${port}",
		"--data", "/home/ubuntu/lvtmp",
		"-f",
		"--authKey", "${secret}"
	    ],
	    "ready_line" : "Starting factory"
	}
    }
}
